id,slug,name_kl,name_da,latitude,longitude,feature_type,municipality,status,updated_at
plc_0064f328-8235-4341-87bc-8d197ce33f97,isertoq,Isertoq,Kraulshavn,,,settlement,Sermersooq,active,2026-08-07
plc_013c05d3-fd62-4bc9-8540-8dcbb91ff209,iginniarfik,Iginniarfik,,,,settlement,Qeqertalik,active,2026-08-07
plc_01b13fbf-cafd-4b67-be87-c825d9bfc487,kapisillit,Kapisillit,,,,settlement,Sermersooq,active,2026-08-07
plc_05593b8a-ba4f-4c4f-9c9c-00b2d139c95c,attu,Attu,,,,settlement,Qeqertalik,active,2026-08-07
plc_087444c2-d2c4-44bb-8250-8a376419fb9b,qeqertat,Qeqertat,Kraulshavn,,,settlement,Avannaata,active,2026-08-07
plc_08f6f1db-8148-45a4-8728-5492083bdfb8,itilleq,Itilleq,,,,settlement,Qeqqata,active,2026-08-07
plc_0c776092-d46f-4076-a0e4-37a3f32bcc30,ittoqqortoormiit,Ittoqqortoormiit,Scoresbysund,70.485,-21.962,town,Sermersooq,active,2026-08-01
plc_17dd9625-faf7-40eb-bb72-1a63d9339499,kangerluk,Kangerluk,Diskofjord,,,settlement,Qeqertalik,active,2026-08-07
plc_17dee39b-57fb-448d-b2c8-61b8ca83dbc4,niaqornaarsuk,Niaqornaarsuk,,,,settlement,Qeqertalik,active,2026-08-07
plc_18a77d01-7f1f-4f7d-8ce0-faca14202560,atammik,Atammik,,,,settlement,Qeqqata,active,2026-08-07
plc_1c06718f-c482-4102-bd9d-9e01a1441459,kangerlussuaq,Kangerlussuaq,Søndre Strømfjord,67.008,-50.689,settlement,Qeqqata,active,2026-08-01
plc_28de668b-105f-417c-8ab2-9b01ebebdd38,qasigiannguit,Qasigiannguit,Christianshåb,,,town,Qeqertalik,active,2026-08-07
plc_29708833-3e06-4bd0-bfe8-a00365173fb6,qassimiut,Qassimiut,,,,settlement,Kujalleq,active,2026-08-07
plc_2b7b556d-5c1b-4247-9fb7-4e5a9aed25f2,akunnaaq,Akunnaaq,,,,settlement,Qeqertalik,active,2026-08-07
plc_2e957e7e-3814-4e34-9e07-262eceb32584,paamiut,Paamiut,Frederikshåb,61.994,-49.667,town,Sermersooq,active,2026-08-01
plc_3625c49d-0c9e-4ce6-bd85-2c5e7ad40cb6,illorsuit,Illorsuit,,,,settlement,Avannaata,active,2026-08-07
plc_38612f8a-871a-46bb-a120-0f562ae4ea07,ammassivik,Ammassivik,Sletten,,,settlement,Kujalleq,active,2026-08-07
plc_4122e504-40d9-49a4-9e91-dbd13280ac75,uummannaq,Uummannaq,,70.679,-52.131,town,Avannaata,active,2026-08-01
plc_46435473-f1e7-415d-a224-3126f7a77717,alluitsup-paa,Alluitsup Paa,Sydprøven,,,settlement,Kujalleq,active,2026-08-07
plc_48735e14-eb87-4675-b8dd-84695724eea5,nuugaatsiaq,Nuugaatsiaq,,,,settlement,Avannaata,active,2026-08-07
plc_4e941efc-8a92-48fb-9828-e55fbdc586b1,qeqertaq,Qeqertaq,,,,settlement,Avannaata,active,2026-08-07
plc_54fda149-69c0-4653-aa80-341310f90e19,sarfannguit,Sarfannguit,,,,settlement,Qeqqata,active,2026-08-07
plc_59aa40b0-f9d2-4d46-9ad3-6e213c6924e7,niaqornat,Niaqornat,,,,settlement,Avannaata,active,2026-08-07
plc_5d78eab5-5a6a-4a57-8792-5b73c80223cd,qeqertarsuaq,Qeqertarsuaq,Godhavn,,,town,Qeqertalik,active,2026-08-07
plc_6089a6eb-abe8-4c14-8efb-c062291e96c7,qassiarsuk,Qassiarsuk,,,,settlement,Kujalleq,active,2026-08-07
plc_6564ec04-df67-4046-ac3a-22b4629929f1,ukkusissat,Ukkusissat,,,,settlement,Avannaata,active,2026-08-07
plc_664de9f6-28d1-4d9d-bc70-a27a6249fdd7,nutaarmiut,Nutaarmiut,,,,settlement,Avannaata,active,2026-08-07
plc_67e038aa-f9c6-4ab5-84ce-62c04dad3e80,nuuk,Nuuk,Godthåb,64.175,-51.733,town,Sermersooq,active,2026-08-01
plc_6bbbde6c-8ce0-4627-a72b-d1187126d4c6,aasiaat,Aasiaat,Egedesminde,68.71,-52.876,town,Qeqertalik,active,2026-08-01
plc_6c415021-4399-41db-99d3-c8c930301860,ikamiut,Ikamiut,,,,settlement,Qeqertalik,active,2026-08-07
plc_6e0ec513-b168-4343-bc14-aefb772c921c,narsarmijit,Narsarmijit,Frederiksdal,,,settlement,Kujalleq,active,2026-08-07
plc_6fad0ed9-bbe0-4fb6-9cff-49ca8a277bea,ikerasak,Ikerasak,,,,settlement,Avannaata,active,2026-08-07
plc_711c3873-56c2-4a0b-be12-85183b14c6a6,saarloq,Saarloq,,,,settlement,Kujalleq,active,2026-08-07
plc_7466cc3b-8cae-47fd-8c33-b69cd16ad617,nuussuaq,Nuussuaq,Kraulshavn,,,settlement,Avannaata,active,2026-08-07
plc_7fd60259-8b40-4dc0-947f-cdcdb16b9e42,ilulissat,Ilulissat,Jakobshavn,69.22,-51.099,town,Avannaata,active,2026-08-01
plc_806f1d08-d40e-4aa7-af9d-5653df080974,kuummiit,Kuummiit,Kulusuk,,,settlement,Sermersooq,active,2026-08-07
plc_8bfd9c7b-25f3-4363-9c8c-27f1ce551864,nanortalik,Nanortalik,,60.141,-45.24,town,Kujalleq,active,2026-08-01
plc_8f4f9320-d685-4604-8614-2eee8b3c1de4,ilimanaq,Ilimanaq,Claushavn,,,settlement,Avannaata,active,2026-08-07
plc_8fae5d22-5f8f-42d8-95e4-36dcdc10cefd,saattut,Saattut,,,,settlement,Avannaata,active,2026-08-07
plc_9945ecd4-0c15-41d2-842b-316449347b18,naajaat,Naajaat,,,,settlement,Avannaata,active,2026-08-07
plc_9e739985-6d0a-4347-b9a5-035f4a0b0553,upernavik,Upernavik,,,,town,Avannaata,active,2026-08-07
plc_a0c38659-994b-4e7e-8ba6-9a8e1f86653f,narsaq,Narsaq,Narssaq,60.913,-46.05,town,Kujalleq,active,2026-08-01
plc_a453780a-feff-4e01-997a-eb8080487e72,kitsissuarsuit,Kitsissuarsuit,Hunde Ejlande,,,settlement,Qeqertalik,active,2026-08-07
plc_a6d4a20e-0d91-4061-8bf1-eda61dac4e03,narsarsuaq,Narsarsuaq,,,,settlement,Kujalleq,active,2026-08-07
plc_af3cc525-00e1-4d7a-9f05-6b153d7e2757,kangersuatsiaq,Kangersuatsiaq,Prøven,,,settlement,Avannaata,active,2026-08-07
plc_af50c8b2-a16b-441b-b486-99e8f2705a17,arsuk,Arsuk,,,,settlement,Sermersooq,active,2026-08-07
plc_b32b45ef-330e-443b-bc1b-073dad5d6090,tiilerilaaq,Tiilerilaaq,Kraulshavn,,,settlement,Sermersooq,active,2026-08-07
plc_b5089ce8-becf-4195-b632-71175c2d0ada,maniitsoq,Maniitsoq,Sukkertoppen,65.413,-52.894,town,Qeqqata,active,2026-08-01
plc_b67e9866-fae8-419d-9664-c88ff974cb3f,eqalugaarsuit,Eqalugaarsuit,,,,settlement,Kujalleq,active,2026-08-07
plc_b9c58474-dcd0-4a58-865b-a3bb746c3790,oqaatsut,Oqaatsut,Rodebay,,,settlement,Avannaata,active,2026-08-07
plc_bc0c50c0-552d-4f4b-8c9f-c65fcc33bf3b,sisimiut,Sisimiut,Holsteinsborg,66.939,-53.673,town,Qeqqata,active,2026-08-01
plc_c233619a-b557-4e44-bd64-d821c709cf50,kullorsuaq,Kullorsuaq,,,,settlement,Avannaata,active,2026-08-07
plc_c8ef8115-1776-48d3-9746-52896a7b0f1d,qeqertarsuatsiaat,Qeqertarsuatsiaat,Fiskenæsset,,,settlement,Sermersooq,active,2026-08-07
plc_c906034b-f5b6-4be9-9126-4d5fcb692ca2,innaarsuit,Innaarsuit,,,,settlement,Avannaata,active,2026-08-07
plc_cb29d697-b478-48e1-90cb-120ff021afae,saqqaq,Saqqaq,,,,settlement,Avannaata,active,2026-08-07
plc_d2bc965b-a5d5-4acb-b9a5-665d3a237cd5,napasoq,Napasoq,,,,settlement,Qeqqata,active,2026-08-07
plc_d60fc5a9-ee06-4aed-96c9-b6231af88aa6,tasiilaq,Tasiilaq,Ammassalik,65.614,-37.637,town,Sermersooq,active,2026-08-01
plc_d82ad42c-d2b6-4236-ae32-16ace9a0ffbd,kulusuk,Kulusuk,Kap Dan,65.575,-37.184,settlement,Sermersooq,active,2026-08-01
plc_db55e181-6a10-48d9-b89d-eda5961302d5,sermiligaaq,Sermiligaaq,Kulusuk,,,settlement,Sermersooq,active,2026-08-07
plc_e345f0ce-f03b-465e-b82c-3e5f594b0fa4,upernavik-kujalleq,Upernavik Kujalleq,Søndre Upernavik,,,settlement,Avannaata,active,2026-08-07
plc_e537615e-2d54-44b6-b974-8f2fb58d2e5c,ikerasaarsuk,Ikerasaarsuk,,,,settlement,Qeqertalik,active,2026-08-07
plc_e707fa48-b27a-4eac-baf2-e100c32288b7,qaanaaq,Qaanaaq,Thule,77.467,-69.232,town,Avannaata,active,2026-08-01
plc_e7ccc261-aeb9-42a7-a416-aca4d761f46b,savissivik,Savissivik,Kraulshavn,,,settlement,Avannaata,active,2026-08-07
plc_e90deab9-bbae-4b3a-b5dd-57587a92f135,igaliku,Igaliku,,,,settlement,Kujalleq,active,2026-08-07
plc_ebf06a92-e8e1-42e8-b45b-eedbc7843722,qaqortoq,Qaqortoq,Julianehåb,60.718,-46.036,town,Kujalleq,active,2026-08-01
plc_ecd504d2-638a-4d47-a472-f14497c23349,siorapaluk,Siorapaluk,Kraulshavn,,,settlement,Avannaata,active,2026-08-07
plc_eeccbd92-0381-4df8-be89-e7c42d0d3282,kangaatsiaq,Kangaatsiaq,,,,town,Qeqertalik,active,2026-08-07
plc_f5231e92-ff49-4361-9807-53b0fcebdbe3,kangaamiut,Kangaamiut,,,,settlement,Qeqqata,active,2026-08-07
plc_fdee90b5-74b4-4869-8adf-ef1435bb4623,qaarsut,Qaarsut,,,,settlement,Avannaata,active,2026-08-07
